EDU_ID,record_type,기관명,과정명,과정분류,업무분류,지역_온라인,대상_경력_원문,원문_등록일시,일정_원문표기,일정의_의미,접수시작_원문,접수마감_원문,접수문구_유무,정원_원문,여석_확인수준,원문내부_표기충돌,현재상태_라벨,비용_원문표기,비용_적용조건,국비_원문표기,실습_시간_원문,자격유형,자격_구분근거,기관주장_문구,공식원문URL,보조출처URL,출처한계,최종확인일,모르는항목,출시노출,조사자_검증
KRRC-NEW-C112,모집회차,(사)한국냉매관리기술협회(KRRC),냉매회수 기술인력 신규교육 추가 1차,냉매회수 기술인력 법정 의무교육(등록 완료 기술인력 대상),에어컨·냉동공조,논산 인재개발원(오프라인),냉매회수업에 등록된 기술인력만 신청 가능(회수업 등록 전 신청 불가). 협회 서류 심사 후 접수 완료,2026.08.18 16:36:14,2026.10.14 ~ 2026.10.15,교육 받는 날짜(접수 기간과 다름),공고 표 2026-08-19 09:00 / 공고 본문 2026-08-24 10:00 (서로 다름),공고 표 ~ 2026.09.18 10:00 / 공고 본문 ~ 2026.10.09 18:00 (서로 다름),접수 기간 표기 있음(마감 두 값 병존),30명,남은 자리 안내 없음,"[날짜·일시 충돌] 접수 기간이 공고 표 2026-08-19 09:00 ~ 09-18 10:00, 공고 본문 2026-08-24 10:00 ~ 10-09 18:00로 서로 다름",모집 공고 게시. 공고 안 접수 마감이 둘(9/18·10/9). 협회 교육일정 목록에는 없음 — 협회에 확인,23만원,협회 심사 후 접수 완료. 기술인력으로 등록되지 않은 사람이 들으면 환불·수료증 발급 불가(협회 안내),원문에 없음,16시간(2일),법정 의무교육 수료(국가기술자격 아님),대기환경보전법 제76조의12 제3항에 따른 교육(협회 안내),취업·수익 보장 문구 없음,http://www.krrc.or.kr/web/?top=education&sub=schedule&key=detail&code=112,http://www.krrc.or.kr/web/?top=education&sub=course&tab=tab1,협회 교육일정 상세 페이지와 교육과정 안내 기준,2026-09-28,"잔여석, 교육 확정 통보 절차, 심사 기준",교육 목록에 표시. 모집회차 유형,Claude가 상세·목록 페이지 직접 재열람(2026-09-26) / 옛 출처 메모: 목록·상세 페이지 열람. 등록 전 신청 불가 안내의 근거는 보조출처(tab1)
KRRC-NEW-C113,모집회차,(사)한국냉매관리기술협회(KRRC),냉매회수 기술인력 신규교육 추가 2차,냉매회수 기술인력 법정 의무교육(등록 완료 기술인력 대상),에어컨·냉동공조,논산 인재개발원(오프라인),냉매회수업에 등록된 기술인력만 신청 가능(회수업 등록 전 신청 불가). 협회 서류 심사 후 접수 완료,2026.08.20 13:37:13,2026.10.21 ~ 2026.10.22,교육 받는 날짜(접수 기간과 다름),2026-08-20 09:00,~ 2026.10.16 18:00,접수 마감일시 명시,30명,남은 자리 안내 없음,관찰 범위에서 없음,모집 공고 게시. 접수기간 명시,23만원,협회 심사 후 접수 완료. 기술인력으로 등록되지 않은 사람이 들으면 환불·수료증 발급 불가(협회 안내),원문에 없음,16시간(2일),법정 의무교육 수료(국가기술자격 아님),대기환경보전법 제76조의12 제3항에 따른 교육(협회 안내),취업·수익 보장 문구 없음,http://www.krrc.or.kr/web/?top=education&sub=schedule&key=detail&code=113,http://www.krrc.or.kr/web/?top=education&sub=course&tab=tab1,협회 교육일정 상세 페이지와 교육과정 안내 기준,2026-09-28,"잔여석, 교육 확정 통보 절차, 심사 기준",교육 목록에 표시. 모집회차 유형,Codex가 상세 페이지 직접 열람. 주담당은 목록 페이지만 열람 / 옛 출처 메모: 목록·상세 페이지 열람. 등록 전 신청 불가 안내의 근거는 보조출처(tab1)
KRRC-NEW-C110,모집회차,(사)한국냉매관리기술협회(KRRC),냉매회수 기술인력 제6차 신규교육,냉매회수 기술인력 법정 의무교육(등록 완료 기술인력 대상),에어컨·냉동공조,논산 인재개발원(오프라인),냉매회수업에 등록된 기술인력만 신청 가능(회수업 등록 전 신청 불가). 협회 서류 심사 후 접수 완료,2026.08.18 14:08:59,2026.11.18 ~ 2026.11.19,교육 받는 날짜(접수 기간과 다름),2026-08-28 10:00,~ 2026.11.13 18:00,접수 마감일시 명시,100명,남은 자리 안내 없음,관찰 범위에서 없음 (2026-09-26 재확인: 접수 시작 표기가 표·비고 모두 08-28 10:00로 통일됨),모집 공고 게시. 접수기간 명시,23만원,협회 심사 후 접수 완료. 기술인력으로 등록되지 않은 사람이 들으면 환불·수료증 발급 불가(협회 안내),원문에 없음,16시간(2일),법정 의무교육 수료(국가기술자격 아님),대기환경보전법 제76조의12 제3항에 따른 교육(협회 안내),취업·수익 보장 문구 없음,http://www.krrc.or.kr/web/?top=education&sub=schedule&key=detail&code=110,http://www.krrc.or.kr/web/?top=education&sub=course&tab=tab1,협회 교육일정 상세 페이지와 교육과정 안내 기준,2026-09-28,"잔여석, 교육 확정 통보 절차, 심사 기준",교육 목록에 표시. 모집회차 유형,Claude가 상세·목록 페이지 직접 재열람(2026-09-26) / 옛 출처 메모: 목록·상세 페이지 열람. 등록 전 신청 불가 안내의 근거는 보조출처(tab1)
KRRC-NEW-C114,모집회차,(사)한국냉매관리기술협회(KRRC),냉매회수 기술인력 신규교육 추가 3차,냉매회수 기술인력 법정 의무교육(등록 완료 기술인력 대상),에어컨·냉동공조,논산 인재개발원(오프라인),냉매회수업에 등록된 기술인력만 신청 가능(회수업 등록 전 신청 불가). 협회 서류 심사 후 접수 완료,2026.08.20 13:41:45,2026.12.16 ~ 2026.12.17,교육 받는 날짜(접수 기간과 다름),2026-08-20 09:00,~ 2026.12.11 18:00,접수 마감일시 명시,30명,남은 자리 안내 없음,관찰 범위에서 없음,모집 공고 게시. 접수 마감 12/11. 협회 교육일정 목록에는 없음 — 협회에 확인,23만원,협회 심사 후 접수 완료. 기술인력으로 등록되지 않은 사람이 들으면 환불·수료증 발급 불가(협회 안내),원문에 없음,16시간(2일),법정 의무교육 수료(국가기술자격 아님),대기환경보전법 제76조의12 제3항에 따른 교육(협회 안내),취업·수익 보장 문구 없음,http://www.krrc.or.kr/web/?top=education&sub=schedule&key=detail&code=114,http://www.krrc.or.kr/web/?top=education&sub=course&tab=tab1,협회 교육일정 상세 페이지와 교육과정 안내 기준,2026-09-28,"잔여석, 교육 확정 통보 절차, 심사 기준",교육 목록에 표시. 모집회차 유형,Claude가 상세·목록 페이지 직접 재열람(2026-09-26) / 옛 출처 메모: 목록·상세 페이지 열람. 등록 전 신청 불가 안내의 근거는 보조출처(tab1)
KRRC-RENEW-C111,모집회차,(사)한국냉매관리기술협회(KRRC),냉매회수 기술인력 제6차 보수교육,냉매회수 기술인력 법정 의무교육(등록 완료 기술인력 대상),에어컨·냉동공조,논산 인재개발원(오프라인),냉매회수업에 등록된 기술인력 중 보수교육 대상자(신규교육 수료일 등 기준일부터 3년마다 1회). 협회가 등록번호·서류를 확인한 뒤 접수 완료,2026.08.18 14:10:50,2026.11.19 ~ 2026.11.19,교육 받는 날짜(접수 기간과 다름),2026-08-17 10:00,~ 2026.11.13 18:00,접수 마감일시 명시,50명,남은 자리 안내 없음,관찰 범위에서 없음,모집 공고 게시. 접수기간 명시,"22,500원",협회 심사 후 접수 완료. 기술인력으로 등록되지 않은 사람이 들으면 환불·수료증 발급 불가(협회 안내),원문에 없음,4시간(14:00~18:00),법정 의무교육 수료(국가기술자격 아님),대기환경보전법 제76조의12 제3항에 따른 교육(협회 안내),취업·수익 보장 문구 없음,http://www.krrc.or.kr/web/?top=education&sub=schedule&key=detail&code=111,http://www.krrc.or.kr/web/?top=education&sub=course&tab=tab1,협회 교육일정 상세 페이지와 교육과정 안내 기준,2026-09-28,"잔여석, 교육 확정 통보 절차, 심사 기준",교육 목록에 표시. 모집회차 유형,Claude가 상세·목록 페이지 직접 재열람(2026-09-26) / 옛 출처 메모: 목록·상세 페이지 열람. 등록 전 신청 불가 안내의 근거는 보조출처(tab1)
KRRC-EXPERT-C116,모집회차,(사)한국냉매관리기술협회(KRRC),냉매회수전문가 양성교육(5일과정),"냉매회수전문가 양성교육(기관 안내). 협회 공식 안내상 기술인력 등록 전에 수료하는 양성과정이며, 등록 완료 기술인력의 신규·보수 의무교육과 구분됨",에어컨·냉동공조,논산 인재개발원(오프라인),"다음 중 하나: 냉매 취급 현장경력 1년~5년 미만 / 공조냉동기계기능사 취득 후 경력 3년 미만 / 냉매관리취급사 취득 후 현장경력 5년 미만. 경력·자격 서류 심사, 선착순",2026.09.01 17:45:20,공고 표 2026.11.09 ~ 11.13 / 공고 본문 2025.11.09 ~ 11.13 (연도가 서로 다름),교육 받는 날짜. 공고 안 연도 표기가 달라 협회에 확인,공고 표 2026-09-01 17:00 / 공고 본문 2026-09-02 09:00 (서로 다름),~ 2026.11.06 18:00,접수 마감일시 명시,60명,남은 자리 안내 없음,"[날짜·일시 충돌] 교육 일정 연도가 공고 표 2026, 공고 본문 2025로 서로 다름. 접수 시작도 공고 표 2026-09-01 17:00, 공고 본문 2026-09-02 09:00로 다름",모집 공고 게시. 공고 안 날짜 표기가 달라 협회에 확인,교육비 무료. 중식 제공,해당 회차에 안내된 경력·자격 대상에 해당하고 서류심사를 통과해야 함,원문에 없음,5일 과정. 총 교육시간 안내 없음,양성교육 수료(국가기술자격 아님),냉매회수 기술인력 등록 기준 중 하나(협회 교육과정 안내). 수료 후 1년 6개월 안에 등록하면 신규교육 면제,취업·수익 보장 문구 없음,http://www.krrc.or.kr/web/?top=education&sub=schedule&key=detail&code=116,http://www.krrc.or.kr/web/?top=education&sub=course&tab=tab2,협회 교육일정 상세 페이지와 교육과정 안내 기준,2026-09-28,"잔여석, 정확한 교육 연도, 총 교육시간, 심사 기준",교육 목록에 표시. 모집회차 유형. 신규·보수와 다른 과정분류로 표시,Codex가 상세 페이지 직접 열람. 주담당은 목록 페이지만 열람 / 옛 출처 메모: 상세 페이지 열람. 과정 구분의 근거는 보조출처(tab2)
IDOEDU-C217,모집회차,이도타일직업학원,타일시공실무 심화과정 - 주간반,민간 직업전문학원 실무 과정,타일·욕실,서울 중랑구 동일로 686 2층(오프라인),"타일시공 기초학습을 이수하신 선수학습자, 또는 타일현장 유경험자",2026-09-02(게시판 등록일),2026년 09월 14일(월) ~ 2026년 10월 16일(금),교육 기간,원문에 없음,원문에 없음,접수 마감 문구 없음,원문에 없음,원문에 없음,관찰 범위에서 없음,2026-09-14 개강(이미 시작함). 다음 회차는 학원에 확인,원문에 없음,일반 등록(자비)만 가능. 내일배움카드 사용 불가. 수강료는 학원에 확인,내일배움카드 사용불가,21일 / 1일 6시간 / 월~금 09:30~16:10,취득 자격·수료증 여부 미확인,공고에 자격증·수료증 안내 없음. 학원에 확인,취업·수익 보장 문구 없음,https://idoedu.kr/bbs/board.php?bo_table=yp_recruit01&wr_id=217,https://idoedu.kr/bbs/board.php?bo_table=yp_recruit01,학원 개강 공고 기준,2026-09-28,"수강료, 정원, 잔여석, 접수 마감일, 신청 방법, 수료증·자격 발급 여부",교육 목록에 표시. 모집회차 유형,주담당 직접 본문확인 / 옛 출처 메모: 공고 본문 열람. 수강료·정원은 공고에 없음
IDOEDU-C216,모집회차,이도타일직업학원,방수기능사 자격증 취득과정,국가기술자격 취득 대비 과정,방수,서울 중랑구 동일로 686 2층(오프라인),"일반인, 재직자, 실업자",2026-08-13(게시판 등록일),2026년 11월 02일(월) ~ 11월 03일(화),교육 기간,원문에 없음,원문에 없음,접수 마감 문구 없음,원문에 없음,원문에 없음,관찰 범위에서 없음,모집 공고 게시. 접수마감 미확인,원문에 없음,자비 일반 등록 또는 국민내일배움카드 사용 가능. 본인 부담액은 학원에 확인,국민내일배움카드 사용 가능,2일 / 총 16시간 / 09:30~18:10(1일 8시간),국가기술자격 대비 과정(방수기능사),방수기능사 취득 대비 단기 과정(학원 공고). 합격 보장 문구 없음,취업·수익 보장 문구 없음,https://idoedu.kr/bbs/board.php?bo_table=yp_recruit01&wr_id=216,https://idoedu.kr/bbs/board.php?bo_table=yp_recruit01,학원 개강 공고 기준,2026-09-28,"수강료, 정원, 잔여석, 접수 마감일, 신청 방법",교육 목록에 표시. 모집회차 유형,주담당 직접 본문확인 / 옛 출처 메모: 공고 본문 열람
IDOEDU-LIST,기관과정목록,이도타일직업학원,타일시공실무 기초·심화 / 욕실리모델링 창업 / 조적+방수 / 자격증 단기취득반,기관이 게시한 과정군(개별 회차는 모집 게시판에 별도 공고),타일·욕실·조적·방수,서울 중랑구 동일로 686 2층,과정마다 다름. 학원에 확인,원문에 없음,회차별 개강 일정은 학원 모집 게시판에 따로 공고,기관 과정 소개이며 특정 회차가 아님,해당 없음,해당 없음,해당 없음,원문에 없음,원문에 없음,관찰 범위에서 없음,상시 과정 소개. 회차는 별도 공고,원문에 없음,국비무료 표기는 타일 기초·조적+방수 과정에만 있음. 다른 과정 비용은 학원에 확인,국비무료교육(일부 과정에만 표기),원문에 없음,과정마다 다름(타일·조적·방수기능사 취득 가능 표기 과정 있음),학원 홈페이지 과정 안내 표기. 합격 보장 문구 아님,취업·수익 보장 문구 없음,https://idoedu.kr/,https://idoedu.kr/bbs/board.php?bo_table=yp_recruit01,학원 홈페이지 과정 안내 기준,2026-09-28,과정별 수강료·기간·정원,교육 목록에 표시. 기관 과정 소개 유형(회차 아님),주담당 직접 본문확인 / 옛 출처 메모: 목록 페이지 열람
VETARAN-LIST,기관과정목록,베테랑 홈케어 직업전문학원,줄눈 / 케라폭시 / 상판·나노·UV코팅 / 아스팍톤 / 입주청소,민간 직업전문학원 실무자 양성 과정군,줄눈·코팅·입주청소,"인천 남동구 장자로 5번길 23, 2층(오프라인)",원문에 없음,원문에 없음,26년 10월 수강신청. 평일반 청소 및 줄눈·케라폭시 실무자 양성 10월 2일~10월 29일(18일 141시간) / 주말반 줄눈·케라폭시 실무자 양성 10월 10일~11월 8일(10일 80시간),각 일정은 해당 반(평일반·주말반)에만 해당. 다른 과목 일정은 학원에 확인,원문에 없음,원문에 없음,수강신청 문구 있음. 접수 마감 표기 없음,원문에 없음,원문에 없음,관찰 범위에서 없음,"상시 과정 소개. 10월 개강 일정 있음, 접수 마감 안내 없음",원문에 없음,"""국비지원 최대 100%""는 학원 표기. 적용 조건과 본인 부담액은 학원에 확인",국비지원 최대 100%,평일반 18일 141시간 / 주말반 10일 80시간(해당 과정 기준),취득 자격·수료증 여부 미확인,원문에서 자격 표기를 확인하지 못함,"[기관 주장, 미검증] 취업 연계를 통한 취업·창업의 기회",https://www.academyvetaran.com,https://www.work24.go.kr/hr/a/a/3100/selectTracseDetl.do?tracseId=AIG20250000530148&tracseTme=1&crseTracseSe=C0061&trainstCstmrId=500042935527,학원 홈페이지 기준. 수강신청 링크는 고용24 과정 페이지로 연결되며 그 페이지의 모집 상태는 확인하지 않음,2026-09-28,"수강료, 재료비, 국비 적용 조건, 자격 유무, 접수 마감일, 방충망·매트리스케어 과정 운영 여부",교육 목록에 표시. 접수 마감 미확인으로 분리,보조분석자1 확인 + Codex 브라우저 재확인(일정 연도와 과정명 짝 확정) / 옛 출처 메모: 26년 10월 수강신청 링크는 Work24로 연결됨. 검색 도구가 반환한 캐시 페이지가 실제 브라우저 화면과 달랐음(도구·경로 한계이며 기관 원문의 충돌 아님). 과거 /수강신청 경로 접근 실패도 도구·경로 한계. 방충망·매트리스케어는 별도 검증 URL이 없어 이 목록에서 제외하고 미확인 보류 Work24 URL은 홈페이지에서 연결 대상만 확인했으며 목적지 모집 상태는 미검증.
KICTE-INTERIOR,과정소개,건설기술교육원,[국기훈련] 인테리어시공 양성과정(주간),국비훈련(기관의 국기훈련 안내),인테리어 종합(타일·목공·필름·도장),"인천본원(인천 남동구 소래로 688), 오프라인",원문에 없음,원문에 없음,개강일 안내 없음,개강일·접수 기간은 기관에 확인,원문에 없음,원문에 없음,접수 문구 없음,원문에 없음,원문에 없음,관찰 범위에서 없음,차기 회차 미확인. 현재 모집 미확인,내일배움카드 대상자 본인 부담 40만원,"카드 발급 유형에 따라 전액 지원될 수 있음(기관 표기). 본인 부담액은 기관에 확인. 훈련장려금 월 최대 30만원, 숙식자는 월 최대 10만원(기관 표기)","국비지원(국민내일배움카드), 국기훈련",월~금 09:00~17:00. 실습: 3D건축설계·타일·실내건축목공·인테리어필름. 총 훈련시간 안내 없음,국비훈련 수료 + 국가기술자격 대비(타일기능사·방수기능사),과정 페이지의 취득 목표 자격 표기,취업·수익 보장 문구 없음,https://www.kicte.or.kr/portal/function/02/departmentViewAction.do,,기관 과정 안내 페이지 기준. 개강 회차와 교육 품질은 확인하지 않음,2026-09-28,"개강일, 접수기간, 총 훈련시간, 정원, 지원 자격",교육 목록에 표시. 현재 모집 미확인으로 분리,보조분석자1·2 독립 확인 + Codex 주요 본문 대조 / 옛 출처 메모: 과정 페이지 주요 본문 Codex 대조 완료. 이전 분석자의 프록시 접근 실패는 당시 도구 한계. 특정 회차와 교육 품질은 확인하지 않음
DBEDU-FILM,과정소개,서울특별시 기술교육원 동부캠퍼스,건축내장시공_모던 스타일링 리빙데코 필름시공실무,지자체 무료 단기 향상훈련,인테리어 필름,서울 강동구 고덕로 183,중소기업 재직근로자,원문에 없음,주말(토·일) 09:00~17:20. 개강 날짜 안내 없음,요일·시간 안내이며 특정 회차 날짜가 아님,원문에 없음,원문에 없음,접수 문구 없음,15명 선착순,남은 자리 안내 없음,관찰 범위에서 없음,차기 회차 미확인. 현재 모집 미확인,"전액 무료(교육비, 실습재료비, 중식포함)",신청 후 고용보험 등 자격 확인과 협약 체결을 거쳐야 함,국비 표현은 원문에 없음(서울시 사업),"2일 / 16시간. 능력단위 필름 응용구조작업 16시간. 1일차 재단·크라운몰딩·3단몰딩, 2일차 타마감공정 연계시공·이미지월",취득 자격·수료증 여부 미확인,페이지에 자격증·수료증 안내 없음. 기관에 확인,취업·수익 보장 문구 없음,https://www.dbedu.or.kr/user/department/selectDeptMgt.do?dept_seq=123,https://www.sitedu.or.kr/,기관 학과 안내 페이지 기준. 교육 품질은 확인하지 않음,2026-09-28,"개강일, 접수기간, 현재 모집 여부, 협약체결 절차의 실제 요건, 수료증 발급 여부",교육 목록에 표시. 현재 모집 미확인으로 분리. 비용 칸에 조건을 같은 줄에 표시,보조분석자2 확인 + Codex 주요 본문 대조 / 옛 출처 메모: 학과 페이지 주요 본문 대조. 상위 포털은 보조출처. 교육 품질은 확인하지 않음
KOPO-HVAC,과정소개,한국폴리텍대학 서울정수캠퍼스,지능형에너지설비과 공조냉동 중장년특화과정(4개월 주간),공공 직업훈련(캠퍼스 개설 과정),설비·에너지·공조냉동,서울 용산구 보광로 73(서울정수캠퍼스),중장년 미취업자 대상(캠퍼스 안내). 폴리텍 입시포털 일반 안내는 만 40세 이상 미취업자·영세자영업자,2026-06-02(모집요강 페이지 갱신일),4개월 주간 과정. 개강일 안내 없음,개강일·접수 기간은 캠퍼스에 확인,원문에 없음,원문에 없음,원서접수 바로가기 링크 있음. 특정 회차의 접수 시작·마감은 이 페이지에서 미확인,원문에 없음,원문에 없음,관찰 범위에서 없음,차기 회차 미확인. 현재 모집 미확인,"교육비, 실습재료비, 기숙사비, 식비 등 전액 국가 지원(보조출처 일반 안내)",훈련장려금은 해당자만. 이 과정 비용은 캠퍼스에 확인,전액 국가 지원(보조출처 일반 안내),실습실·장비 운영 표기. 총 훈련시간 원문에 없음,해당 과정의 취득 목표 자격·수료증 여부 미확인,취득 목표 자격은 캠퍼스 모집요강(PDF)에서 확인,취업률 수치나 취업 보장 문구 없음,https://www.kopo.ac.kr/jungsu/content.do?menu=8838,https://ipsi.kopo.ac.kr/poly/m_147/content.do,캠퍼스 모집요강 페이지와 폴리텍 입시포털 기준. 모집요강 PDF는 확인하지 않음,2026-09-28,"캠퍼스 회차의 접수 개시·마감일, 개강일, 정원, 총 훈련시간, 취득 목표 자격·수료증 여부",교육 목록에 표시. 현재 모집 미확인으로 분리,보조분석자2 확인 + Codex 캠퍼스 페이지 대조 / 옛 출처 메모: 캠퍼스 페이지 주요 본문 대조. 캠퍼스 PDF 본문은 열람하지 않음. 모집 주기·지원 자격·비용의 일반 안내는 보조출처(입시포털) 근거
HANKOOKOK-SN,과정소개,한국건설직업전문학원 성남캠퍼스,건축목공+수장시공,민간 직업전문학원 국비 표기 과정,목공·인테리어필름·수장,경기 성남시 수정구 수정로171번길 7 재경빌딩 4층,"학력·경력 무관, 누구나 처음부터",원문에 없음,수시개강(구체 날짜 없음),개강 방식 안내이며 특정 회차 날짜가 아님,원문에 없음,원문에 없음,수시개강 표기,20명 선착순,남은 자리 안내 없음,"[비용 표기 불명확] 훈련비 40만원과 ""전액 국비 지원""이 같은 페이지에 함께 적혀 있음",차기 회차 미확인. 현재 모집 미확인,훈련비 40만원 / 전액 국비 지원,실제 본인 부담액은 학원에 확인. 훈련장려금 월 최대 40만원(학원 표기),전액 국비 지원(기관 표기),총 교육시간 안내 없음,건축목공 관련 자격 안내. 종류는 학원에 확인,"페이지에 ""국가공인 자격증"" 표기만 있고 종류는 없음","[기관 주장, 미검증] 50여 개 협력업체, 수료 즉시 취업 연결 / 1인 1실습 최신 장비 / 1회 합격률 89%",https://sn.hankookok.co.kr/front/lecture/index.asp?cs=2&li=189,,학원 과정 페이지 기준. 교육 품질은 확인하지 않음,2026-09-28,"훈련기간·총시간, 개강일, 실제 자기부담액, 자격 종류, 취업 연결 실적","교육 목록에 표시. 현재 모집 미확인으로 분리. 취업 연결 주장은 요약과 출처, 미검증 표시",보조분석자1 확인 + Codex 주요 본문 대조 / 옛 출처 메모: 해당 과정 페이지 주요 본문 대조. 교육 품질은 확인하지 않음
HANSSEM-RECRUIT,채용접점(교육 집계 제외),한샘 홈테크 파트너스,홈리모델링·홈퍼니싱 기술직 채용(교육 과정 아님),채용 랜딩 페이지,부엌·욕실·수납·창호·도어중문·마루 / 침대·책상·식탁·소파,원문에 없음,원문에 없음,원문에 없음,상시(Now we are hiring),채용 안내,원문에 없음,원문에 없음,지원하기 링크 있음,원문에 없음,해당 없음,관찰 범위에서 없음,교육 집계 제외. 채용 접점으로 참고,해당 없음,해당 없음,해당 없음,교육 기간·내용 표기 없음,해당 없음(채용),사이트가 한샘 홈테크 파트너스 소속 기술 직무 채용 전용 사이트라고 명시,취업·수익 보장 문구 없음,https://hanssem-academy.com/,https://hanssem-academy.com/recruit,채용 페이지 열람. 교육 제공 여부는 페이지에서 확인되지 않음,2026-09-09,"지원 자격, 보수 구조, 지역, 교육 제공 여부",교육 목록에 표시하지 않음. 커뮤니티의 일 구하기 문맥에서 채용 접점으로 참고 가능,보조분석자2 확인
